{
  "version": 1,
  "author": "Gustavo Granja",
  "editor": "wokwi",
  "parts": [
    { "type": "wokwi-breadboard", "id": "bb1", "top": -60.6, "left": -189.2, "attrs": {} },
    {
      "type": "board-esp32-devkit-c-v4",
      "id": "esp",
      "top": 124.8,
      "left": -100.76,
      "rotate": 270,
      "attrs": {}
    },
    {
      "type": "wokwi-led",
      "id": "led1",
      "top": 15.6,
      "left": -130.6,
      "attrs": { "color": "white" }
    },
    {
      "type": "wokwi-led",
      "id": "led2",
      "top": 15.6,
      "left": -149.8,
      "attrs": { "color": "white" }
    },
    {
      "type": "wokwi-led",
      "id": "led3",
      "top": 15.6,
      "left": -92.2,
      "attrs": { "color": "white" }
    },
    { "type": "wokwi-led", "id": "led4", "top": 15.6, "left": -73, "attrs": { "color": "white" } },
    {
      "type": "wokwi-led",
      "id": "led5",
      "top": 34.8,
      "left": -149.8,
      "attrs": { "color": "white" }
    },
    {
      "type": "wokwi-led",
      "id": "led6",
      "top": 34.8,
      "left": -130.6,
      "attrs": { "color": "white" }
    },
    {
      "type": "wokwi-led",
      "id": "led7",
      "top": 34.8,
      "left": -92.2,
      "attrs": { "color": "white" }
    },
    { "type": "wokwi-led", "id": "led8", "top": 34.8, "left": -73, "attrs": { "color": "white" } },
    {
      "type": "wokwi-led",
      "id": "led9",
      "top": 15.6,
      "left": -34.6,
      "attrs": { "color": "orange" }
    },
    {
      "type": "wokwi-led",
      "id": "led10",
      "top": 34.8,
      "left": -34.6,
      "attrs": { "color": "orange" }
    },
    {
      "type": "wokwi-led",
      "id": "led11",
      "top": 15.6,
      "left": 3.8,
      "attrs": { "color": "orange" }
    },
    {
      "type": "wokwi-led",
      "id": "led12",
      "top": 34.8,
      "left": 3.8,
      "attrs": { "color": "orange" }
    },
    {
      "type": "wokwi-led",
      "id": "led13",
      "top": 15.6,
      "left": 42.2,
      "attrs": { "color": "orange" }
    },
    {
      "type": "wokwi-led",
      "id": "led14",
      "top": 34.8,
      "left": 42.2,
      "attrs": { "color": "orange" }
    },
    {
      "type": "wokwi-led",
      "id": "led15",
      "top": 15.6,
      "left": 80.6,
      "attrs": { "color": "limegreen" }
    },
    {
      "type": "wokwi-led",
      "id": "led16",
      "top": 34.8,
      "left": 80.6,
      "attrs": { "color": "limegreen" }
    }
  ],
  "connections": [
    [ "esp:TX", "$serialMonitor:RX", "", [] ],
    [ "esp:RX", "$serialMonitor:TX", "", [] ],
    [ "esp:GND.2", "bb1:bn.1", "black", [ "h-17.54", "v-47.84" ] ],
    [ "bb1:bn.2", "bb1:4b.j", "black", [ "v0" ] ],
    [ "esp:23", "bb1:5b.j", "gold", [ "v0" ] ],
    [ "bb1:bn.4", "bb1:6b.j", "black", [ "v0" ] ],
    [ "esp:22", "bb1:11b.j", "gold", [ "h40.06", "v-87.54" ] ],
    [ "bb1:bn.7", "bb1:10b.j", "black", [ "v0" ] ],
    [ "bb1:bn.9", "bb1:12b.j", "black", [ "v0" ] ],
    [ "bb1:5b.i", "bb1:7b.i", "gold", [ "v0" ] ],
    [ "bb1:11b.i", "bb1:13b.i", "gold", [ "v0" ] ],
    [ "bb1:bn.12", "bb1:16b.j", "black", [ "v0" ] ],
    [ "esp:21", "bb1:17b.j", "orange", [ "v-20.34", "h68.86" ] ],
    [ "bb1:20b.j", "bb1:bn.16", "black", [ "v0" ] ],
    [ "bb1:24b.j", "bb1:bn.19", "black", [ "v0" ] ],
    [ "esp:19", "bb1:21b.j", "orange", [ "v-10.74", "h88.06" ] ],
    [ "esp:18", "bb1:25b.j", "orange", [ "v-10.74", "h116.86" ] ],
    [ "bb1:28b.j", "bb1:bn.22", "black", [ "v38.4" ] ],
    [ "led2:A", "bb1:5b.f", "", [ "$bb" ] ],
    [ "led2:C", "bb1:4b.f", "", [ "$bb" ] ],
    [ "led1:A", "bb1:7b.f", "", [ "$bb" ] ],
    [ "led1:C", "bb1:6b.f", "", [ "$bb" ] ],
    [ "led4:A", "bb1:13b.f", "", [ "$bb" ] ],
    [ "led4:C", "bb1:12b.f", "", [ "$bb" ] ],
    [ "led3:A", "bb1:11b.f", "", [ "$bb" ] ],
    [ "led3:C", "bb1:10b.f", "", [ "$bb" ] ],
    [ "led5:A", "bb1:5b.h", "", [ "$bb" ] ],
    [ "led5:C", "bb1:4b.h", "", [ "$bb" ] ],
    [ "led6:A", "bb1:7b.h", "", [ "$bb" ] ],
    [ "led6:C", "bb1:6b.h", "", [ "$bb" ] ],
    [ "led7:A", "bb1:11b.h", "", [ "$bb" ] ],
    [ "led7:C", "bb1:10b.h", "", [ "$bb" ] ],
    [ "led8:A", "bb1:13b.h", "", [ "$bb" ] ],
    [ "led8:C", "bb1:12b.h", "", [ "$bb" ] ],
    [ "led9:A", "bb1:17b.f", "", [ "$bb" ] ],
    [ "led9:C", "bb1:16b.f", "", [ "$bb" ] ],
    [ "led10:A", "bb1:17b.h", "", [ "$bb" ] ],
    [ "led10:C", "bb1:16b.h", "", [ "$bb" ] ],
    [ "led12:A", "bb1:21b.h", "", [ "$bb" ] ],
    [ "led12:C", "bb1:20b.h", "", [ "$bb" ] ],
    [ "led11:A", "bb1:21b.f", "", [ "$bb" ] ],
    [ "led11:C", "bb1:20b.f", "", [ "$bb" ] ],
    [ "led13:A", "bb1:25b.f", "", [ "$bb" ] ],
    [ "led13:C", "bb1:24b.f", "", [ "$bb" ] ],
    [ "led14:A", "bb1:25b.h", "", [ "$bb" ] ],
    [ "led14:C", "bb1:24b.h", "", [ "$bb" ] ],
    [ "led15:A", "bb1:29b.f", "", [ "$bb" ] ],
    [ "led15:C", "bb1:28b.f", "", [ "$bb" ] ],
    [ "led16:A", "bb1:29b.h", "", [ "$bb" ] ],
    [ "led16:C", "bb1:28b.h", "", [ "$bb" ] ],
    [ "bb1:29b.j", "esp:5", "green", [ "v0" ] ]
  ],
  "dependencies": {}
}